﻿name,title
序號,序號
擬參選人,擬參選人
選舉名稱,選舉名稱
申報序號,申報序號
個人捐贈收入,個人捐贈收入
營利事業捐贈收入,營利事業捐贈收入
政黨捐贈收入,政黨捐贈收入
人民團體捐贈收入,人民團體捐贈收入
匿名捐贈收入,匿名捐贈收入
其他收入,其他收入
收入小計,收入小計
累計超過三萬元之收入總額,累計超過三萬元之收入總額
金錢收入總額,金錢收入總額
非金錢收入總額,非金錢收入總額
人事費用支出,人事費用支出
宣傳支出,宣傳支出
租用宣傳車輛支出,租用宣傳車輛支出
租用競選辦事處支出,租用競選辦事處支出
集會支出,集會支出
交通旅運支出,交通旅運支出
雜支支出,雜支支出
返還捐贈支出,返還捐贈支出
繳庫支出,繳庫支出
公共關係費用支出,公共關係費用支出
支出小計,支出小計
累計超過三萬元之支出總額,累計超過三萬元之支出總額
金錢支出總額,金錢支出總額
非金錢支出總額,非金錢支出總額
結算日金融機構帳戶存款餘額,結算日金融機構帳戶存款餘額
(加)購買金錢以外之財產,(加)購買金錢以外之財產
(減)變賣金錢以外之財產,(減)變賣金錢以外之財產
餘額,餘額
收支結存內金錢餘額,收支結存內金錢餘額
金錢以外之財產,金錢以外之財產
會計師事務所全名,會計師事務所全名
會計師姓名,會計師姓名
結算日期,結算日期
申報日期,申報日期
更正日期,更正日期
